source_id,openalex,issn_l,issn,mag,wikidata,fatcat
186893535,186893535,0002-9475,"[""1086-3168"", ""0002-9475""]",186893535.0,,
2764633851,2764633851,0065-2849,"[""0065-2849""]",2764633851.0,27708861.0,container/oz4trvt7f5bwbkkgvx4j3ark2a
4210229599,4210229599,0065-9711,"[""0065-9711"", ""2325-9213""]",,27716485.0,
2764961556,2764961556,,,2764961556.0,1966994.0,
4306465910,4306465910,,,,,
4306488690,4306488690,,,,,
2764881039,2764881039,0737-5328,"[""0737-5328""]",2764881039.0,15767427.0,container/2dumr2n6ungzxojxxtdbodvehq
4210182089,4210182089,1940-641X,"[""1940-641X"", ""2329-1176""]",,96735300.0,
2764381488,2764381488,0003-4827,"[""2473-9006"", ""0003-4827""]",2764381488.0,,
4210173592,4210173592,0033-2151,"[""0033-2151"", ""2299-002X""]",,20035376.0,
2765019749,2765019749,,,2765019749.0,,
4210233686,4210233686,0034-9429,"[""2340-3632"", ""0034-9429""]",,24066316.0,
4210218705,4210218705,1664-5561,"[""1664-5561""]",,27725506.0,container/r4xwlif5ardvfjbkb2atxxkvye
187383566,187383566,1355-8250,"[""2051-2201"", ""1355-8250""]",187383566.0,,
8441994,8441994,0310-7841,"[""0310-7841"", ""1446-5655""]",8441994.0,45120141.0,
2764580912,2764580912,1556-3847,"[""1556-3847""]",2764580912.0,15750847.0,container/pvi4naxdazeo7fwgx5y7nz3vua
2764649054,2764649054,0042-7500,"[""0042-7500""]",2764649054.0,,
4306470823,4306470823,,,,,
4210192794,4210192794,0104-5687,"[""1679-3919"", ""1809-399X"", ""0104-5687""]",,,
4306518851,4306518851,,,,,
2764764382,2764764382,0094-1956,"[""0094-1956""]",2764764382.0,15758223.0,container/koz2wye2rnfkte3f6ogr5lb4t4
4306477686,4306477686,,,,,
2737512657,2737512657,1034-7674,"[""1034-7674"", ""1839-4345"", ""1444-8262""]",2737512657.0,,
4306463288,4306463288,,,,,
4306496402,4306496402,,,,,
4210234035,4210234035,0080-2042,"[""0080-2042""]",,15760415.0,container/f5if4l4xafafhn6l5jxufd5hhm
112731537,112731537,0734-4392,"[""0734-4392"", ""1945-2349""]",112731537.0,,
2764900296,2764900296,0959-5295,"[""0959-5295"", ""2397-2564""]",2764900296.0,29043832.0,
34504840,34504840,0386-6157,"[""0386-6157"", ""1883-7239""]",34504840.0,96330053.0,
4306520995,4306520995,,,,,
4306524284,4306524284,,,,15763209.0,
4306482415,4306482415,,,,,
4210234603,4210234603,0536-1079,"[""1943-2976"", ""0536-1079""]",,,
139349145,139349145,1366-8781,"[""1366-8781"", ""1468-4004""]",139349145.0,,
4210211768,4210211768,0253-7494,"[""0253-7494""]",,96334986.0,container/fps72vuy4rfzja5azgqk27xrvu
74377273,74377273,0312-9764,"[""0312-9764"", ""2200-4025""]",74377273.0,,
4306524007,4306524007,,,,,
28836401,28836401,0036-5505,"[""0036-5505"", ""1940-2228""]",28836401.0,27713400.0,
4306464348,4306464348,,,,8068364.0,
21947851,21947851,,,21947851.0,,
4210228447,4210228447,9999-1233,"[""9999-1233""]",,96733259.0,
2764797711,2764797711,0276-928X,"[""0276-928X""]",2764797711.0,,container/bgztj36iirg6lfoh27sfg4nk6m
79704879,79704879,0024-2527,"[""0024-2527"", ""2159-9610""]",79704879.0,,
4306504014,4306504014,,,,,
4306507326,4306507326,,,,102219268.0,
60034445,60034445,0004-3648,"[""0004-3648"", ""2296-4215""]",60034445.0,15710129.0,
2764377789,2764377789,1521-3374,"[""1521-3374""]",2764377789.0,,container/32s4hepawjf3tcmm5k7ry7zfpm
4210178584,4210178584,0031-9430,"[""0031-9430"", ""2377-7583""]",,2230701.0,
75244570,75244570,0012-9402,"[""0012-9402"", ""1420-9128""]",75244570.0,100451090.0,
4306464306,4306464306,,,,,
14824431,14824431,0885-7024,"[""2381-0688"", ""0885-7024""]",14824431.0,,
4210190833,4210190833,0010-2628,"[""0010-2628"", ""1213-7243""]",,15745453.0,
167045310,167045310,0022-4154,"[""0022-4154""]",167045310.0,105228281.0,container/fzqjp5rivrhu3jr7fjkweuamoy
134948390,134948390,0024-0672,"[""0024-0672""]",134948390.0,,
179234039,179234039,0361-2759,"[""0361-2759"", ""1930-8280""]",179234039.0,47247796.0,
2764944799,2764944799,0264-2425,"[""0264-2425""]",2764944799.0,15757666.0,
4306463770,4306463770,,,,,
4210215105,4210215105,1231-7853,"[""1231-7853""]",,11770343.0,container/vfj2t5ehzncv3hat4iv4vujwkm
201711328,201711328,0258-7696,"[""0258-7696"", ""1726-1368""]",201711328.0,53952262.0,
2765006665,2765006665,,,2765006665.0,,
4306470294,4306470294,,,,,
4306473931,4306473931,,,,,
4306482941,4306482941,,,,,
4306465107,4306465107,,,,,
2765044994,2765044994,,,2765044994.0,,
4210224710,4210224710,1967-7375,"[""2554-8689"", ""1967-7375""]",,47542384.0,
4306471687,4306471687,,,,,
4306463059,4306463059,,,,,
2764564467,2764564467,1068-5502,"[""1068-5502"", ""2327-8285""]",2764564467.0,2078802.0,
2764422564,2764422564,0192-592X,"[""0192-592X""]",2764422564.0,,
4210182543,4210182543,0028-6621,"[""0028-6621"", ""2153-909X""]",,27716636.0,
4306521176,4306521176,0251-3552,"[""0251-3552""]",,2004353.0,
25983388,25983388,1943-8141,"[""1943-8141""]",25983388.0,4744272.0,container/2xvkdjzlavahph6xfu3twcdxsu
4306470974,4306470974,,,,,
4306471870,4306471870,,,,,
4210177666,4210177666,0001-026X,"[""0001-026X"", ""2326-9014""]",,26849753.0,
4306463166,4306463166,,,,,
14445259,14445259,1043-1578,"[""1043-1578"", ""2327-641X""]",14445259.0,,
2764647102,2764647102,,,2764647102.0,,
4306522964,4306522964,,,,,
2738082917,2738082917,1059-308X,"[""1059-308X""]",2738082917.0,15765025.0,
2764343864,2764343864,0003-1003,"[""0003-1003"", ""2326-9618""]",2764343864.0,15763101.0,
62427620,62427620,1063-6552,"[""1063-6552"", ""1558-1861""]",62427620.0,96330719.0,
4306462860,4306462860,,,,,
955795595,955795595,,,955795595.0,,
1013561213,1013561213,0016-5301,"[""0016-5301"", ""0717-6643""]",1013561213.0,5876443.0,
4210186704,4210186704,2192-4848,"[""2365-9890"", ""2192-4848""]",,1438072.0,
4306520033,4306520033,,,,,
75294269,75294269,0099-5444,"[""0099-5444"", ""2220-5608"", ""2220-5616""]",75294269.0,15765630.0,
4306496171,4306496171,,,,,
2765048991,2765048991,,,2765048991.0,,
4210192536,4210192536,1088-3142,"[""1088-3142"", ""1946-4444""]",,15708565.0,
59599649,59599649,0024-2306,"[""0024-2306"", ""1745-8161""]",59599649.0,56755362.0,
4306503796,4306503796,,,,,
2764752694,2764752694,1995-0748,"[""1995-0748"", ""1998-1074""]",2764752694.0,96325993.0,
4306512479,4306512479,,,,,
106374951,106374951,2090-0171,"[""2090-0171"", ""2090-0163""]",106374951.0,26842033.0,
4210174426,4210174426,1478-7814,"[""1478-7814"", ""1747-3845""]",,53952334.0,
178736797,178736797,0028-1484,"[""0028-1484""]",178736797.0,6981971.0,
4306465592,4306465592,,,,,
4306508851,4306508851,,,,,
2764740311,2764740311,0034-0510,"[""0034-0510""]",2764740311.0,108279988.0,container/f5ztxnuuprbfxcg7bjg4npkrja
42018803,42018803,0009-8078,"[""0009-8078"", ""1533-6271""]",42018803.0,15762783.0,
152325859,152325859,0006-8063,"[""0006-8063"", ""2070-4860""]",152325859.0,21385075.0,
4306463021,4306463021,,,,,
194663980,194663980,0010-8847,"[""0010-8847""]",194663980.0,5171540.0,
4306514330,4306514330,,,,,
2764344921,2764344921,0025-6307,"[""0025-6307""]",2764344921.0,96728122.0,
2765038642,2765038642,2010-3778,"[""2010-3778"", ""2010-376X""]",2765038642.0,,
18848838,18848838,0041-3216,"[""0041-3216""]",18848838.0,15750886.0,container/d6gy5dtuazc75mbnxfabnvwyda
4210180357,4210180357,0025-6307,"[""0025-6307""]",,96728122.0,container/vujczqpiubdclhtmnljyw7aiza
4306463577,4306463577,,,,,
173948692,173948692,0364-0094,"[""0364-0094"", ""1475-4541""]",173948692.0,,
2898589984,2898589984,0370-4475,"[""2212-1110"", ""0370-4475""]",2898589984.0,27713075.0,
4210168266,4210168266,0737-8211,"[""0737-8211"", ""2328-2398""]",,6136937.0,
4306523176,4306523176,,,,,
4210168934,4210168934,1434-3452,"[""1434-3452""]",,,container/63xulluu2zffhfs4t7ee3nrpvm
4210173695,4210173695,0890-1686,"[""0890-1686"", ""2327-9672""]",,,
4306511226,4306511226,,,,15756066.0,
48392412,48392412,1425-5960,"[""1425-5960""]",48392412.0,9324449.0,container/ttslp4rfxvbbrdlafwi76rocla
180332110,180332110,1555-5879,"[""2194-6000"", ""1555-5879""]",180332110.0,,
4306463693,4306463693,,,,,
4210204192,4210204192,0308-4590,"[""0308-4590"", ""2058-0991""]",,96325049.0,
182401666,182401666,1811-9743,"[""1811-9743"", ""1811-9751""]",182401666.0,96332392.0,
2739148201,2739148201,0313-7155,"[""0313-7155""]",2739148201.0,15750353.0,
4210182864,4210182864,0033-250X,"[""0033-250X"", ""2449-996X""]",,96730127.0,
4306474870,4306474870,,,,,
2765020624,2765020624,,,2765020624.0,,
4306482583,4306482583,,,,,
4306501679,4306501679,,,,,
2764653491,2764653491,,,2764653491.0,,
4306520261,4306520261,0027-142X,"[""0027-142X""]",,27720873.0,
4210207221,4210207221,1466-9404,"[""1466-9404"", ""2517-6145""]",,53953222.0,
2764547617,2764547617,1577-7057,"[""1577-7057""]",2764547617.0,,
92130131,92130131,0001-6829,"[""0001-6829"", ""2450-8462""]",92130131.0,9138986.0,
2764355406,2764355406,1818-6769,"[""1818-6769"", ""1818-6777"", ""1990-4053""]",2764355406.0,27722205.0,
4210178669,4210178669,1045-5110,"[""1045-5110""]",,,
179237239,179237239,0266-6235,"[""0266-6235""]",179237239.0,6296190.0,container/d6tcawdbofdylmrtioeagkg3oy
976474146,976474146,0032-3233,"[""2336-8225"", ""0032-3233""]",976474146.0,,
2764840307,2764840307,0024-1822,"[""0024-1822""]",2764840307.0,,
4210191321,4210191321,1011-0798,"[""1011-0798""]",,186741.0,container/7mo6z7iyyvgujeflvapwfjmapy
73505065,73505065,0360-2370,"[""0360-2370"", ""1938-6133""]",73505065.0,,
120000808,120000808,0042-2533,"[""0042-2533""]",120000808.0,7914442.0,
139685423,139685423,1931-7883,"[""1931-7891"", ""1931-7883""]",139685423.0,96327808.0,
189519060,189519060,1757-5931,"[""1757-5931""]",189519060.0,27722435.0,container/dtf3qj247rd4laza54auvcbiqe
2764660481,2764660481,0713-3235,"[""0713-3235""]",2764660481.0,15756736.0,container/tsmakvsr4bfy5k2ku2xd3jh3vi
105317937,105317937,1079-3917,"[""1079-3917""]",105317937.0,28464911.0,container/4dlubja2inbwbfmg7qnjj4k5ja
2765054229,2765054229,0003-0953,"[""0003-0953""]",2765054229.0,26839688.0,container/ohs2mrd4mfbdtd52ymo2ecuy7m
4306524771,4306524771,,,,,
2764749937,2764749937,0771-100X,"[""0771-100X""]",2764749937.0,,
165167377,165167377,1547-0350,"[""1547-0350""]",165167377.0,15758439.0,container/olepuv2wkbdkzpgsynm7kohm3m
152351146,152351146,0034-8635,"[""0034-8635""]",152351146.0,2563492.0,container/t36umafm4bfjfijof6jzosuvne
2764745110,2764745110,1991-8178,"[""1991-8178"", ""2309-8414""]",2764745110.0,15762086.0,
4306507771,4306507771,0975-5071,"[""0975-5071""]",,27727135.0,
4210168012,4210168012,1793-0774,"[""1793-0774""]",,,container/7ndqts5embdv7fn4kpfjf6tuca
4210202480,4210202480,2449-9862,"[""0137-8651"", ""2449-9862""]",,96728384.0,
15476261,15476261,1479-0556,"[""1479-0556""]",15476261.0,15767223.0,container/ryq5vm2mavca3pmmbysu46owjy
4210231335,4210231335,0147-829X,"[""0147-829X"", ""2326-1501""]",,,
153957239,153957239,1463-631X,"[""1463-631X"", ""1470-6725""]",153957239.0,,
185386126,185386126,1088-9388,"[""1088-9388"", ""2377-7893""]",185386126.0,27718391.0,
4210223984,4210223984,1088-9388,"[""1088-9388"", ""2377-7893""]",,27718391.0,
4210225601,4210225601,0302-2439,"[""0302-2439"", ""2316-9052""]",,15733641.0,
4306515997,4306515997,,,,63717759.0,
4306479686,4306479686,,,,,
4306516378,4306516378,,,,96725882.0,
4210179875,4210179875,0738-1433,"[""1949-0410"", ""0738-1433""]",,96737926.0,
4210205350,4210205350,1861-4191,"[""1861-4191""]",,,container/bxylqbf6mfabxczf5s5jqysdva
2764555313,2764555313,1083-4346,"[""1083-4346""]",2764555313.0,15763603.0,container/mhu2i6blmvfmrjwbigvo534re4
2764422806,2764422806,1539-8706,"[""1539-8706""]",2764422806.0,15756681.0,container/u5ou76aijzfkteahhjuzgmrbmi
4210213319,4210213319,0096-2015,"[""2374-9814"", ""0096-2015""]",,,
4306535024,4306535024,,,,,
2764863161,2764863161,1096-1453,"[""1096-1453""]",2764863161.0,15752411.0,container/oc3lhn4oandf3jbj625c3qdcni
2764652438,2764652438,,,2764652438.0,15755411.0,
101668441,101668441,0347-9994,"[""0347-9994""]",101668441.0,15766969.0,container/v2y4uocfznfrhkuvc6tyheisq4
4306471281,4306471281,,,,,
4306481211,4306481211,,,,,
2764894508,2764894508,,,2764894508.0,,
1028545993,1028545993,1506-218X,"[""1506-218X""]",1028545993.0,96332537.0,
27925394,27925394,0026-3788,"[""0026-3788""]",27925394.0,,
2764425017,2764425017,0043-0439,"[""0043-0439"", ""2573-2110""]",2764425017.0,5405702.0,
4306526828,4306526828,,,,,
2764584009,2764584009,,,2764584009.0,,
4306472139,4306472139,,,,,
4317411217,4317411217,,,,,
4210190653,4210190653,0105-0710,"[""0105-0710"", ""2246-042X""]",,34333894.0,
2764673317,2764673317,0710-1481,"[""0710-1481""]",2764673317.0,15754145.0,container/rjtrgiwlljhkbaaiyiw4lxoj4i
4306496265,4306496265,,,,,
61255767,61255767,1560-4284,"[""1560-4284""]",61255767.0,26842431.0,container/rvroezjev5djdiu5xy642ydyuu
2764731437,2764731437,0976-1233,"[""0976-1233""]",2764731437.0,27723360.0,container/smwhld2nlfemdgzzzuqyp4s4ym
4210217368,4210217368,1528-7084,"[""1528-7084"", ""1533-4449""]",,,
119533669,119533669,1537-209X,"[""1537-209X""]",119533669.0,15746699.0,
4210211779,4210211779,1620-5340,"[""1620-5340"", ""2102-5150""]",,,
101185350,101185350,0162-7546,"[""1875-2977"", ""0162-7546""]",101185350.0,96331573.0,
4210230597,4210230597,0309-0671,"[""0309-0671""]",,,
4306465565,4306465565,,,,,
94841437,94841437,0121-1617,"[""1900-6152"", ""0121-1617""]",94841437.0,,
2764944482,2764944482,0023-4346,"[""1588-113X"", ""0023-4346""]",2764944482.0,,
2764663395,2764663395,1642-686X,"[""1642-686X"", ""2719-423X""]",2764663395.0,,
20186226,20186226,0285-1601,"[""0285-1601""]",20186226.0,4689928.0,
2764382574,2764382574,,,2764382574.0,15755031.0,
119077090,119077090,1475-4878,"[""1475-4878"", ""1747-3853""]",119077090.0,96738326.0,
83938913,83938913,0028-6060,"[""0028-6060""]",83938913.0,206249.0,
4210233018,4210233018,1351-3036,"[""1351-3036"", ""2051-316X""]",,,
31609097,31609097,0324-8569,"[""0324-8569""]",31609097.0,15745525.0,
141199735,141199735,2043-9113,"[""2043-9113""]",141199735.0,27723627.0,container/c32gofye6rcnvavvwobcncksaa
4210222545,4210222545,0885-6818,"[""2325-7210"", ""0885-6818""]",,25303246.0,
2764966318,2764966318,0817-8542,"[""0817-8542"", ""1836-2206""]",2764966318.0,15765372.0,
4210195004,4210195004,1065-2701,"[""1065-2701"", ""2169-0146""]",,96701452.0,
4210171014,4210171014,0105-3507,"[""0105-3507"", ""2597-2936""]",,,
2764847893,2764847893,1164-5571,"[""1164-5571""]",2764847893.0,21385875.0,
2765063755,2765063755,0976-4534,"[""0976-4534""]",2765063755.0,,container/gc7ixomqcrholk544yp7hgelwa
4306480477,4306480477,,,,,
2765040423,2765040423,1011-6079,"[""1011-6079""]",2765040423.0,,
2764398645,2764398645,1069-7225,"[""1069-7225"", ""2163-4556""]",2764398645.0,96696018.0,
2764916931,2764916931,0265-1491,"[""0265-1491""]",2764916931.0,27714926.0,container/ktjgy46j7zffxgptkzygce6iza
4306462926,4306462926,,,,,
4306504765,4306504765,,,,21386021.0,
2764668226,2764668226,,,2764668226.0,104674003.0,
80792265,80792265,0957-5847,"[""0957-5847"", ""1532-205X""]",80792265.0,27717630.0,
4210167866,4210167866,0047-2239,"[""0047-2239"", ""2325-8748""]",,96711391.0,
4210217301,4210217301,2155-9872,"[""2155-9872""]",,27724029.0,container/mcu6e635pjcrfesadq6dvkjhgq
2764485589,2764485589,0068-1385,"[""0068-1385"", ""2057-7818""]",2764485589.0,13548609.0,
4210191136,4210191136,2052-8426,"[""2052-8426""]",,27725367.0,container/z7hvohpf2jcsfjrj6prnjqi7iu
4210239963,4210239963,0364-1686,"[""2326-3075"", ""0364-1686""]",,26849223.0,
4306496609,4306496609,,,,,
4210180688,4210180688,0749-9833,"[""1942-8545"", ""0749-9833""]",,,
4306503259,4306503259,0364-1686,"[""0364-1686"", ""2326-3075""]",,26849223.0,
2764964090,2764964090,0025-5513,"[""0025-5513""]",2764964090.0,106653405.0,container/erp3rzvirzazzm4byiiorl2qdm
65409541,65409541,1746-0875,"[""1746-0883"", ""1746-0875""]",65409541.0,15758527.0,
4210168286,4210168286,1563-0803,"[""1563-0803""]",,96723201.0,container/5otxltqicvfevlg6tlygoz7td4
4306505620,4306505620,0008-5006,"[""0008-5006"", ""2375-2475""]",,15754742.0,
4210202990,4210202990,1861-4175,"[""1861-4175""]",,,container/mqu653d5pngjzkjiwjqimzmtvy
2764474016,2764474016,,,2764474016.0,,
2764722987,2764722987,2090-3162,"[""2090-3154"", ""2090-3162""]",2764722987.0,26842364.0,
183428155,183428155,0278-9434,"[""0278-9434""]",183428155.0,96334584.0,container/hdwpmh6fvjdvtd5jgj6duxhdia
2764693127,2764693127,0256-1751,"[""0256-1751""]",2764693127.0,96328149.0,
2764872482,2764872482,1539-9664,"[""1539-9664""]",2764872482.0,,
4306470569,4306470569,,,,,
4306534899,4306534899,,,,,
4306463516,4306463516,,,,,
147018782,147018782,,,147018782.0,96331379.0,
4210168614,4210168614,0214-8676,"[""0214-8676"", ""2386-4702""]",,96706648.0,
4306513217,4306513217,,,,,
71257975,71257975,0895-4852,"[""1936-4709"", ""0895-4852""]",71257975.0,,
2764796285,2764796285,,,2764796285.0,,
4306464186,4306464186,,,,,
2764775394,2764775394,,,2764775394.0,,
42309995,42309995,,,42309995.0,,
2764886562,2764886562,1082-5754,"[""1082-5754""]",2764886562.0,,
189387231,189387231,1235-4481,"[""1235-4481"", ""1459-9465""]",189387231.0,15710168.0,
4306477421,4306477421,,,,,
88241336,88241336,1687-7985,"[""1687-7985"", ""1687-7993""]",88241336.0,15760331.0,
97764784,97764784,,,97764784.0,15753976.0,
2764774554,2764774554,1521-9747,"[""1521-9747""]",2764774554.0,7644511.0,container/qfomjhxa4zdyjhvcypojoclli4
4306520717,4306520717,0391-9749,"[""0391-9749""]",,15755603.0,
4306527732,4306527732,1405-6666,"[""1405-6666""]",,56887172.0,
184238924,184238924,0081-0606,"[""0081-0606""]",184238924.0,2296784.0,container/wcwbwaxb2zbazjf7rbix3r2lze
4306527046,4306527046,,,,,
2764349506,2764349506,2157-7633,"[""2157-7633""]",2764349506.0,27724325.0,container/wyeicq6lp5fs3fob3ttupixkey
2764855957,2764855957,0451-212X,"[""0451-212X""]",2764855957.0,113476775.0,container/rkmbgguhqbeh5be6oqv5amusom
46771824,46771824,0741-9457,"[""0741-9457""]",46771824.0,8047397.0,
76832692,76832692,0049-4763,"[""0049-4763""]",76832692.0,7845799.0,container/3ynqyr3tx5bqxki7qnwxuwtyxy
2764823877,2764823877,0975-7384,"[""0975-7384""]",2764823877.0,27723651.0,container/45v4kh3m6fdh3hblduicrshsdu
2765060474,2765060474,,,2765060474.0,,
2764403519,2764403519,,,2764403519.0,,
2764360835,2764360835,1712-8056,"[""1712-8056"", ""1923-6697""]",2764360835.0,96579977.0,
136786980,136786980,0042-5206,"[""1530-7190"", ""0042-5206""]",136786980.0,15764088.0,
2764475419,2764475419,0972-1061,"[""0972-1061""]",2764475419.0,,container/2wrz7ostzfc7dmgils4jdmbgvq
4306501475,4306501475,0188-7017,"[""0188-7017"", ""2448-850X""]",,96700051.0,
4210217042,4210217042,0258-0330,"[""0258-0330""]",,27710580.0,container/6sc56bmdhjdrzgyr6n2wfyzkku
96186809,96186809,0362-8949,"[""0362-8949"", ""2324-6502""]",96186809.0,26849520.0,
2764445321,2764445321,1529-8957,"[""1529-8957""]",2764445321.0,,container/6sp7otjkavgcdkk2nizy4zex6e
4210188669,4210188669,1473-4869,"[""1473-4869"", ""2051-4220""]",,96716516.0,
974969521,974969521,1230-6169,"[""1230-6169""]",974969521.0,96326587.0,container/g4o76ewsabdgjd2kd75msabzk4
137403304,137403304,1537-6370,"[""1558-5271"", ""1537-6370""]",137403304.0,,
4306477627,4306477627,,,,,
2764707925,2764707925,1077-9124,"[""1077-9124""]",2764707925.0,108279942.0,
2764922509,2764922509,0034-0502,"[""0034-0502"", ""2642-8857""]",2764922509.0,15754915.0,
158189712,158189712,1135-5948,"[""1135-5948""]",158189712.0,38994182.0,
199075998,199075998,0003-5696,"[""0003-5696"", ""1613-0421""]",199075998.0,576066.0,
4306462910,4306462910,,,,,
4210177652,4210177652,2072-3202,"[""2072-3202"", ""2617-6742""]",,,
4210217742,4210217742,0090-7790,"[""0090-7790"", ""2326-0890""]",,29043797.0,
2764504601,2764504601,,,2764504601.0,,
2764508331,2764508331,0034-6616,"[""0034-6616""]",2764508331.0,96331548.0,container/rpnizsmhpbfr5cy2f7n6nckpfm
4306508865,4306508865,,,,,
2737588985,2737588985,2081-139X,"[""2392-0629"", ""2081-139X""]",2737588985.0,,
119709983,119709983,0006-9698,"[""0006-9698"", ""1938-2979""]",119709983.0,,
4306509411,4306509411,,,,,
116485746,116485746,0373-6385,"[""0373-6385"", ""1883-2172""]",116485746.0,53952485.0,
2764503789,2764503789,2308-4898,"[""2308-4898""]",2764503789.0,96703639.0,
4210227035,4210227035,2308-4898,"[""2308-4898""]",,96703639.0,container/h4dvdcshi5ecfjpfa42nzbjbfa
2736400552,2736400552,1415-2150,"[""1415-2150"", ""1983-2117""]",2736400552.0,50516591.0,
4210222644,4210222644,0374-6534,"[""0374-6534""]",,96329008.0,container/gfbwgr7tvjdw5kwito25l4idoi
4210178951,4210178951,0723-0567,"[""0723-0567""]",,96701616.0,container/4agnqgrbfzgu7cv633jfj7d26m
127013269,127013269,1534-6005,"[""1534-6005""]",127013269.0,15759733.0,container/unjqbkaokndupbwp6tpa54gqmm
3523852,3523852,1941-6911,"[""1941-6911""]",3523852.0,27722487.0,container/z5nz37bx3nc4tpfpyoihosg7h4
4210227757,4210227757,1164-4796,"[""1164-4796"", ""2105-2603""]",,3428728.0,
4306534857,4306534857,,,,,
2736636447,2736636447,1870-3925,"[""1870-3925"", ""2448-4849""]",2736636447.0,50557907.0,
4306533117,4306533117,,,,,
24003136,24003136,1324-3780,"[""1324-3780"", ""1440-0979""]",24003136.0,,
90740469,90740469,0009-4021,"[""0009-4021""]",90740469.0,,
141229364,141229364,,,141229364.0,,
2764593732,2764593732,1523-6919,"[""1523-6919"", ""1524-3303""]",2764593732.0,15754395.0,
109073365,109073365,1406-0175,"[""1406-0175"", ""1736-6038"", ""1736-7522"", ""2228-0820""]",109073365.0,12362409.0,
2765024365,2765024365,1530-7638,"[""1530-7638""]",2765024365.0,15749163.0,container/pbsprtj2zzezbeoy4qu5rgoiw4
88382961,88382961,0967-0513,"[""0967-0513"", ""2053-7786""]",88382961.0,,
88895571,88895571,0007-5108,"[""0007-5108"", ""1944-0928""]",88895571.0,15765244.0,
4306463251,4306463251,,,,,
4363608732,4363608732,,,,,
2736497804,2736497804,1677-2504,"[""2178-2822"", ""1677-2504""]",2736497804.0,,
4306463144,4306463144,,,,,
4306517719,4306517719,1226-3591,"[""1226-3591"", ""2287-8203""]",,27723938.0,
86301901,86301901,1133-455X,"[""1133-455X""]",86301901.0,15761945.0,
4306463714,4306463714,,,,,
2737632977,2737632977,1533-242X,"[""1533-242X""]",2737632977.0,15753457.0,container/zxypdkmqena5xgqdralhjlhzta
4306502690,4306502690,,,,,
4210193565,4210193565,0860-6846,"[""0860-6846"", ""2083-8328""]",,96696104.0,
4210169784,4210169784,1315-9518,"[""1315-9518"", ""2477-9431""]",,6107100.0,
4306463702,4306463702,,,,,
81046792,81046792,1368-7506,"[""1368-7506""]",81046792.0,15767180.0,container/upd5jiipijbqhbdlja3ib4bgfm
4210232130,4210232130,0210-9778,"[""1988-3307"", ""2603-9273"", ""0210-9778""]",,,
4306466578,4306466578,,,,,
2764757569,2764757569,0277-4232,"[""0277-4232""]",2764757569.0,5340932.0,
107880978,107880978,,,107880978.0,,
972034074,972034074,0378-7818,"[""2477-9407"", ""0378-7818""]",972034074.0,,
2764349233,2764349233,0736-0983,"[""0037-9719"", ""0736-0983""]",2764349233.0,15762712.0,container/rs6l2nsmtjabfj24z2clgvx3bq
4306463338,4306463338,,,,,
2765035158,2765035158,,,2765035158.0,,
2764395064,2764395064,2155-9821,"[""2155-9821""]",2764395064.0,27725266.0,
4306496233,4306496233,,,,,
4210170594,4210170594,1073-6840,"[""2379-0814"", ""1073-6840""]",,,
4306475329,4306475329,,,,,
1014436910,1014436910,1136-8071,"[""1136-8071""]",1014436910.0,55594593.0,
88096583,88096583,1479-0505,"[""1479-0513"", ""1479-0505""]",88096583.0,15759539.0,
189310978,189310978,0019-6665,"[""0019-6665""]",189310978.0,15801085.0,
4210227871,4210227871,1077-341X,"[""1077-341X"", ""1939-5647""]",,,
2764764968,2764764968,1177-6250,"[""1177-6250""]",2764764968.0,15753741.0,container/psgd7a5lyjefrm5xily4wpqkku
4306475610,4306475610,,,,,
39858931,39858931,0044-3301,"[""1439-2615"", ""0044-3301""]",39858931.0,186821.0,
4210194811,4210194811,0524-0476,"[""1853-8460"", ""0524-0476""]",,,
4306518338,4306518338,,,,,
2764874868,2764874868,0011-6963,"[""0011-6963""]",2764874868.0,96332519.0,container/hudllbgzojh2fblo2mlknk5o6y
41573172,41573172,0721-2631,"[""0721-2631""]",41573172.0,15753981.0,container/6by37dl3knfxdaew27sfhibjnm
4306486143,4306486143,,,,,
4210222020,4210222020,1405-1109,"[""1405-1109""]",,96730218.0,container/ixpugfjetrfi7mg244n5ufcjne
4306525161,4306525161,,,,,
4210196467,4210196467,0172-6668,"[""0172-6668""]",,27719453.0,container/pg27a2vpzfhgteuwr4zyurrw54
4210205461,4210205461,0079-6824,"[""0079-6824"", ""2235-4328""]",,,
4210210263,4210210263,0894-0819,"[""0894-0819""]",,96696022.0,container/ocfzyw6bprei3cpskfq4qhbdtu
4306466260,4306466260,,,,,
4306523231,4306523231,,,,,
4210180360,4210180360,0137-4729,"[""0137-4729""]",,96726928.0,container/jaquwnhtpzflfirjwtdfmxhn34
2764807277,2764807277,2217-544X,"[""2217-544X"", ""2217-5652""]",2764807277.0,96710246.0,
4306502127,4306502127,0860-4037,"[""0860-4037"", ""2300-8342""]",,2292424.0,
132870446,132870446,0022-3387,"[""0022-3387""]",132870446.0,6295715.0,container/6uogpb7fafesvp7ar2d4nq2oya
4306518129,4306518129,,,,15757440.0,
4210219489,4210219489,1815-1981,"[""1815-1981""]",,,container/mzpyh2zno5a65mie5ehkioswhm
4306463759,4306463759,,,,,
4306513004,4306513004,,,,,
4306464210,4306464210,,,,,
155685828,155685828,1881-6118,"[""1881-6118"", ""1884-0450""]",155685828.0,96718966.0,
4306526541,4306526541,,,,,
4306522206,4306522206,,,,,
4306513454,4306513454,,,,,
193089770,193089770,1061-7264,"[""1061-7264"", ""1931-1311""]",193089770.0,96696028.0,
4210212954,4210212954,0081-0231,"[""2469-844X"", ""0081-0231""]",,,
4306507410,4306507410,,,,15752470.0,
2765058559,2765058559,1735-9260,"[""1735-9260""]",2765058559.0,27727261.0,
4210176481,4210176481,0952-9608,"[""0952-9608"", ""1747-3489""]",,,
4210173681,4210173681,0385-9932,"[""0385-9932""]",,,container/4755mqzb5nc5vgt3zxaj4t5idi
178029676,178029676,1836-0661,"[""1836-3644"", ""1836-0661""]",178029676.0,,
4210171734,4210171734,1018-4171,"[""2199-7233"", ""1018-4171""]",,,
4210231723,4210231723,0776-3824,"[""0776-3824"", ""2034-7871""]",,3195472.0,
2764944651,2764944651,0197-6745,"[""0197-6745"", ""2160-5076""]",2764944651.0,89782052.0,
4306526862,4306526862,,,,,
4306464631,4306464631,,,,,
2736958894,2736958894,,,2736958894.0,,
4210176396,4210176396,0240-2955,"[""0240-2955""]",,,container/rebo6db2ifbitglt3modvkuesi
34089031,34089031,0362-1588,"[""0362-1588""]",34089031.0,15746488.0,container/uthp4natgvfk5lcf54bggye4ie
4306480541,4306480541,,,,,
2764625483,2764625483,0272-8893,"[""0272-8893""]",2764625483.0,15757197.0,container/aqbwxqpc7reyhojth2gok2zjta
4306472662,4306472662,,,,,
2764620129,2764620129,0303-6960,"[""0974-4444"", ""0303-6960""]",2764620129.0,27721109.0,
4210212671,4210212671,2044-4893,"[""2044-4893"", ""2044-4907""]",,96715623.0,
4306477477,4306477477,,,,,
2764603276,2764603276,0460-0037,"[""0460-0037""]",2764603276.0,,
2738549118,2738549118,0122-9761,"[""2590-4671"", ""0122-9761""]",2738549118.0,50426585.0,
2736882778,2736882778,1679-2343,"[""1679-2343""]",2736882778.0,27724400.0,
4306471040,4306471040,,,,,
8129204,8129204,0895-6340,"[""0895-6340""]",8129204.0,96331661.0,container/5g5frbhq5zb7zdbdaa4ice3gga
4306472661,4306472661,,,,,
4210175028,4210175028,0213-7771,"[""2443-9991"", ""0213-7771""]",,57696742.0,
4306471292,4306471292,,,,,
174060560,174060560,1387-5337,"[""1387-5337"", ""1569-9757""]",174060560.0,,
126523489,126523489,0303-8106,"[""0303-8106"", ""1883-7301""]",126523489.0,96705960.0,
4306510862,4306510862,,,,,
4306470739,4306470739,,,,,
185733999,185733999,0011-250X,"[""0011-250X""]",185733999.0,16491656.0,
4210231189,4210231189,1477-5921,"[""1477-5921""]",,27726030.0,container/ahcuirvjdrblfdyrzgmsduyfrm
2764645373,2764645373,1477-9633,"[""1477-9633"", ""2040-056X""]",2764645373.0,15761603.0,
4306495411,4306495411,,,,,
127420649,127420649,0971-457X,"[""0971-457X"", ""0975-0991""]",127420649.0,15766921.0,
4210198406,4210198406,0885-9884,"[""2326-4535"", ""0885-9884""]",,,
4363609014,4363609014,,,,,
4306475861,4306475861,,,,,
195995753,195995753,0033-3557,"[""0033-3557""]",195995753.0,,
21998430,21998430,1120-9488,"[""1120-9488""]",21998430.0,,
4306463397,4306463397,,,,,
4210217076,4210217076,0097-0360,"[""0097-0360""]",,96722366.0,container/4av7ky4odfbubknmdjcvaijgpq
4306521948,4306521948,,,,,
2764819169,2764819169,,,2764819169.0,,
4210186405,4210186405,0108-0164,"[""0108-0164""]",,27708784.0,container/7efneo4enjey7m4uwmk776mv7q
4210201941,4210201941,1913-4711,"[""1913-4711""]",,50806644.0,container/h4wqnpwwn5g5hfrbwsvzutwt2u
4210187655,4210187655,2152-9620,"[""2152-9620""]",,50815600.0,container/wlfrvs275jboxphntyu7hfyhim
151944519,151944519,0029-2524,"[""0029-2524""]",151944519.0,7054549.0,container/yhwokbo5mre5jclt3mwd3eyctm
4210211674,4210211674,1064-1173,"[""2326-5132"", ""1064-1173""]",,,
2764993477,2764993477,1534-7311,"[""1534-7311""]",2764993477.0,15749618.0,
4210170423,4210170423,2154-5057,"[""2471-3376"", ""2154-5057""]",,,
4306463392,4306463392,,,,,
4306463656,4306463656,,,,,
2764488310,2764488310,0043-5589,"[""0043-5589""]",2764488310.0,,
4306524292,4306524292,0078-4303,"[""0078-4303""]",,27723513.0,
4210231818,4210231818,1534-7311,"[""1534-7311""]",,15749618.0,container/h3yuo2xptfajfmfumeyhj6n7xa
8720358,8720358,0276-9077,"[""0276-9077""]",8720358.0,27717202.0,container/m5maeh5hw5hrvk22lpbkblogri
4306477989,4306477989,,,,,
206288944,206288944,0002-7626,"[""0002-7626""]",206288944.0,5672420.0,container/q6zp4oparzgdfg6gvqv6ckx7wq
4306509937,4306509937,,,,,
4306463768,4306463768,,,,,
2764544083,2764544083,0818-8068,"[""0818-8068"", ""2208-5394""]",2764544083.0,15761285.0,
4210169186,4210169186,2615-1715,"[""2615-3076"", ""2615-1715""]",,,
165893625,165893625,0028-7806,"[""0028-7806""]",165893625.0,2413088.0,container/re65j3ntqvg2neb4zfqxw3htpe
4306519375,4306519375,,,,,
189780351,189780351,0032-4000,"[""0032-4000"", ""2230-5955""]",189780351.0,15760156.0,
9016081,9016081,1413-4853,"[""1982-2170"", ""1413-4853""]",9016081.0,,
4210214409,4210214409,1479-3598,"[""1479-3598""]",,15760636.0,container/nu2zizc4pvhsbcgmhjiqowvr3q
2764508662,2764508662,,,2764508662.0,,
73693242,73693242,1819-1932,"[""1819-1932"", ""2152-0437""]",73693242.0,96331270.0,
4210200819,4210200819,1793-1002,"[""1793-1002""]",,,container/fwwdocsurbh5bgi66v7oa6b2fi
4306521640,4306521640,0137-5466,"[""0137-5466"", ""2300-2530""]",,11799093.0,
4210225374,4210225374,1230-3534,"[""2449-9897"", ""1230-3534""]",,,
2764977439,2764977439,1751-8326,"[""1751-8334"", ""1751-8326""]",2764977439.0,15767627.0,
4210231686,4210231686,0168-6356,"[""2155-5397"", ""0168-6356""]",,,
47857099,47857099,0039-7660,"[""0039-7660""]",47857099.0,7661070.0,container/m7cr3in6fzgu7h3glnm76hn4cu
4306471534,4306471534,,,,,
4306507770,4306507770,0975-413X,"[""0975-413X""]",,96332603.0,
4210226682,4210226682,1134-4539,"[""2603-6673"", ""1134-4539""]",,15765584.0,
2764689111,2764689111,,,2764689111.0,15760639.0,
2764368923,2764368923,0010-7476,"[""0010-7476""]",2764368923.0,109896894.0,container/a7tgfdlcsnfxvpb46oyynmlmhy
2764427209,2764427209,,,2764427209.0,,
2764646752,2764646752,,,2764646752.0,96698488.0,
4306550465,4306550465,,,,21385019.0,
2764814348,2764814348,0734-6670,"[""0734-6670""]",2764814348.0,15764659.0,container/bzgjemxpvfd77bzumpymh6roeu
2764990639,2764990639,0975-9344,"[""0975-9344""]",2764990639.0,96332458.0,container/qy5xexqcqjfybnauvwomj5nxia
4210219051,4210219051,2195-5468,"[""2195-5468""]",,50816085.0,container/42auaddidvdihoz6c3mp7acmwm
4210214085,4210214085,0032-6186,"[""0032-6186""]",,11826507.0,container/uopwtmjmajge3crjk47sktsp3u
4210226103,4210226103,0430-0696,"[""0430-0696""]",,,
2643336,2643336,0308-6976,"[""0308-6976"", ""2053-9029""]",2643336.0,96330559.0,
2764865326,2764865326,,,2764865326.0,112800269.0,
2765016018,2765016018,0740-7874,"[""0740-7874""]",2765016018.0,27719093.0,container/okwerse4vnb7ngucqebnrfzy7u
4306401256,4306401256,,,,,
193292235,193292235,1976-9180,"[""1976-9180"", ""2093-2650""]",193292235.0,27722980.0,
2765035237,2765035237,1524-5039,"[""1524-5039""]",2765035237.0,15752434.0,container/7tccokhnajbpxhgnhnnnnb3gay
4306464152,4306464152,,,,,
195883663,195883663,1866-6175,"[""1866-6175""]",195883663.0,26849817.0,
148936004,148936004,1577-8517,"[""2340-5058"", ""1577-8517""]",148936004.0,15750515.0,
4306504967,4306504967,0365-9445,"[""0365-9445"", ""2353-9054""]",,15763010.0,
104868666,104868666,1939-1919,"[""1939-1919""]",104868666.0,,
28361319,28361319,0146-6623,"[""0146-6623""]",28361319.0,15764827.0,container/z3hege2pjvdjjar25pefpnps5a
4306513652,4306513652,,,,1666342.0,
4210224981,4210224981,0968-4891,"[""0968-4891"", ""1463-4457""]",,96698236.0,
4210182606,4210182606,0022-1252,"[""2632-170X"", ""0022-1252""]",,,
2764976106,2764976106,1545-8741,"[""1545-8741""]",2764976106.0,,
2764717914,2764717914,1085-5300,"[""1085-5300""]",2764717914.0,15753890.0,container/e3mvj5rjvvd4digrzjqcx67rbm
2737733660,2737733660,0103-4235,"[""0103-4235""]",2737733660.0,15766709.0,
4306465284,4306465284,,,,,
986843014,986843014,,,986843014.0,,
4210229528,4210229528,1793-0707,"[""1793-0707""]",,,container/jz76ybuzyngp7fxauyabxd457a
4306508936,4306508936,,,,,
119322380,119322380,0871-4657,"[""1647-8606"", ""0871-4657""]",119322380.0,,
129923748,129923748,1038-2569,"[""1038-2569"", ""1839-4914""]",129923748.0,15757359.0,
4210196311,4210196311,0033-2372,"[""2657-9545"", ""0033-2372""]",,96730115.0,
4306511290,4306511290,0213-683X,"[""0213-683X"", ""2173-6545""]",,15750379.0,
87634573,87634573,1939-6716,"[""1942-1273"", ""1939-6716""]",87634573.0,,
134423501,134423501,0146-5422,"[""0146-5422""]",134423501.0,,
4210221071,4210221071,1793-1223,"[""1793-1223""]",,,container/464zjlfjuvhv7bxdiexgz6pwhy
4306506610,4306506610,,,,,
2764731901,2764731901,0394-6169,"[""0394-6169"", ""1592-1573""]",2764731901.0,15756226.0,
2764928144,2764928144,1047-8248,"[""1047-8248""]",2764928144.0,15761481.0,container/hl6tyyh4jnfnld5mbzyjf5cbk4
172367551,172367551,0733-4273,"[""0733-4273""]",172367551.0,6295817.0,container/u2xbaquq2vacxpd47nvp2m4oou
4306477089,4306477089,,,,,
2764951764,2764951764,0197-9922,"[""0197-9922""]",2764951764.0,3500930.0,
2764796547,2764796547,1042-9859,"[""1042-9859""]",2764796547.0,25927181.0,container/brrjfxum6nbavbzkfssqfniypy
4306529437,4306529437,,,,,
4210171864,4210171864,1518-7012,"[""1518-7012"", ""1984-042X""]",,,
2764693388,2764693388,0037-2633,"[""1708-1734"", ""0037-2633""]",2764693388.0,,
2764693772,2764693772,2157-7064,"[""2157-7064""]",2764693772.0,27725316.0,container/hotklqvoszgrroemgbybttcegu
4306524763,4306524763,0033-2038,"[""0033-2038""]",,11828453.0,
4306533899,4306533899,,,,,
