work_id,source_id,landing_page_url,pdf_url,is_oa,version,license
4310960001,87561820,10.1007/s11356-022-24534-z,,False,,
4310960001,4306525036,36478549,,False,,
2051135645,141953298,10.1136/bcr.03.2009.1649,,False,,
2051135645,2764455111,pmc/articles/PMC3028174,,True,publishedVersion,
2051135645,4306400806,articles/pmc3028174,,True,publishedVersion,
2051135645,4306525036,21686979,,False,,
2051136151,195663827,10.1016/j.micpro.2004.07.003,,False,,
2051136876,4210238601,10.1016/s0304-4165(00)00146-x,,False,,
2051136876,4306525036,11113559,,False,,
2051137881,11296630,10.1121/1.4744404,,False,,
2051138418,199470047,10.1088/1009-0630/6/3/009,,False,,
2051139206,179068624,10.1080/10509674.1980.9963630,,False,,
2051139541,27514295,10.1016/0306-9877(94)90138-4,,False,,
2051139541,4306525036,7815964,,False,,
2051139606,207734429,10.1055/s-2007-992794,,False,,
2051139749,183492911,10.1117/12.380494,,False,,
2051141196,83651209,10.1016/0168-8278(90)91421-r,,False,,
2051142601,183492911,10.1117/12.157144,,False,,
2051143688,127936299,10.1192/bjp.154.6.887b,core/services/aop-cambridge-core/content/view/4E188CB41147C5A034F51D5315E17B04/S0007125000176494a.pdf/div-class-title-the-melbourne-maudsleys-div.pdf,True,publishedVersion,
2051143688,4306525036,2688789,,False,,
2051144475,119212824,10.1143/jpsj.52.355,,False,,
2051144601,163495685,10.2307/3392936,,False,,
2051145320,4210173211,10.4000/decadrages.334,decadrages/pdf/334,True,publishedVersion,
2051145344,150125562,10.1080/03081088108817413,,False,,
2051145395,101791497,10.1001/archotol.1991.01870160105023,,False,,
2051145395,4306525036,2007024,,False,,
2051145680,192814187,10.1136/bmj.1.1172.1173,,False,,
2051145680,4306400806,articles/pmc2372573,articles/pmc2372573?pdf=render,True,publishedVersion,
2051145680,2764455111,pmc/articles/PMC2372573,,True,publishedVersion,
2051145680,4306525036,20750642,,False,,
2051145999,60362788,10.1007/s00018-007-6440-4,,False,,
2051145999,4306525036,17221163,,False,,
2051147079,2898246533,10.3182/20100908-3-pt-3007.00082,,False,,
2051147896,4210184169,10.1080/07060667909501479,,False,,
2051148006,2764418333,10.4103/2384-5147.138942,,False,,
2051148008,67425620,10.4028/www.scientific.net/amr.554-556.824,,False,,
2051148308,131318974,10.1007/bf00613331,,False,,
2051148400,192814187,10.1136/bmj.2.574.751,,False,,
2051148400,4306400806,articles/pmc2262026,articles/pmc2262026?pdf=render,True,publishedVersion,
2051148400,2764455111,pmc/articles/PMC2262026,,True,publishedVersion,
2051148400,4306525036,20746454,,False,,
2051148458,192814187,10.1136/bmj.3.5618.614-b,content/bmj/3/5618/614.1.full.pdf,True,publishedVersion,
2051148458,4306400806,articles/pmc1991156,articles/pmc1991156?pdf=render,True,publishedVersion,
2051148458,2764455111,pmc/articles/PMC1991156,,True,publishedVersion,
2051148458,128516502,cgi/content/short/3/5618/614-b,content/bmj/3/5618/614.1.full.pdf,True,submittedVersion,
2051148458,4306525036,5668000,,False,,
2051149479,187991544,10.1063/1.2043232,aip/jap/article-pdf/doi/10.1063/1.2043232/14958789/069901_1_online.pdf,True,publishedVersion,
2051149940,192814187,10.1136/bmj.2.4836.629-c,,False,,
2051150319,4210174332,10.1016/0029-5582(63)90765-x,,False,,
2051151246,4210182931,10.1007/bf02584677,,False,,
2051151286,49878492,10.2337/diacare.10.5.657,care/article-pdf/10/5/657/515281/10-5-657.pdf,True,publishedVersion,
2051151286,4306525036,3677986,,False,,
2051151742,118216261,10.1016/0736-5845(84)90086-3,,False,,
2051151957,157664895,10.1097/00000658-188707000-00005,,False,,
2051151957,2764455111,pmc/articles/PMC1431161,,True,acceptedVersion,
2051151957,4306525036,17856162,,False,,
2051152012,69229962,10.1525/fq.1989.42.4.04a00070,,False,,
2051152183,19793444,10.1097/00001888-196608000-00007,,True,publishedVersion,
2051152183,4306525036,5918319,,False,,
2051152443,47715536,10.1631/jzus.2007.b0867,,False,,
2051152443,4306400806,articles/pmc2100157,articles/pmc2100157?pdf=render,True,publishedVersion,
2051152443,2764455111,pmc/articles/PMC2100157,,True,publishedVersion,
2051152443,4306525036,18257119,,False,,
2051152928,207793224,10.1159/000308388,,False,,
2051152928,4306525036,13060780,,False,,
2051153189,4210227553,10.1163/157181923x00193,,False,,
2051153521,79858223,10.1177/003231878804000109,,False,,
2051153866,17983605,10.1016/s0013-7944(85)80043-6,,False,,
2051154505,4210197905,10.1108/eb060230,,False,,
2051155012,30392833,10.1163/187489208x285440,,False,,
2051155312,66394278,10.1080/09644009508404405,,False,,
2051155925,204459408,10.1021/je60036a044,,False,,
2051156078,172137629,10.1016/j.ics.2005.09.099,,False,,
2051156078,4377196497,10400.13/3018,bitstream/10400.13/3018/1/Y-chromosome%20Lineages%20from%20Portugal%2c%20MadeiraBrehm.pdf,True,submittedVersion,cc-by
2051156384,4210168822,10.5121/ijcsa.2013.3202,,False,,
2051156394,54862371,10.1103/physrev.53.609,,False,,
2051156755,33892871,10.1016/0009-2509(72)85017-6,,False,,
2051156766,143725931,10.1007/s11141-006-0047-8,,False,,
2051158193,165361988,10.1007/bf01019198,,False,,
2051159244,86016426,10.1070/qe1979v009n03abeh008886,,False,,
2051159519,60865174,10.1016/j.jacc.2014.06.406,,False,,
2051159605,4210195777,10.3406/caief.1994.1853,,False,,
2051159803,144363146,10.1080/01972243.1992.9960107,,False,,
2051161090,10729136,10.1016/0165-2125(88)90029-7,,False,,
2051161398,37186612,10.1080/00387016908050044,,False,,
2051161689,104920066,10.1016/s0262-4079(08)60072-x,,False,,
2051162753,10058814,10.1097/00006676-199501000-00006,,False,,
2051162753,4306525036,7899459,,False,,
2051162800,4210220607,10.1055/s-2007-986305,,False,,
2051163018,101419675,10.4061/2011/217276,archive/2011/217276.pdf,True,publishedVersion,
2051163018,4306400806,articles/pmc3278921,articles/pmc3278921?pdf=render,True,publishedVersion,unspecified-oa
2051163018,2764455111,pmc/articles/PMC3278921,,True,publishedVersion,
2051163018,4306402527,id/eprint/18535/1/217276.pdf,id/eprint/18535/1/217276.pdf,True,acceptedVersion,cc-by
2051163018,4306525036,22347670,,False,,
2051165166,203684691,10.1037//0735-7028.6.3.272,,False,,
2051165205,122591147,10.1016/j.exger.2006.06.022,,False,,
2051165229,41046285,10.1007/s00535-013-0754-9,,False,,
2051165229,4306525036,23381100,,False,,
2051165252,39653451,10.1055/s-0028-1084609,,False,,
2051165970,2764865924,10.1080/03015521.1988.10425626,,False,,
2051167109,106840945,10.1016/0031-9201(91)90083-t,,False,,
2051167116,4210173186,10.1007/bf01349361,,False,,
2051167881,4210226971,10.3406/mefr.1955.7401,,False,,
2051168629,4210184375,10.3406/reg.1924.5125,,False,,
2051170518,146636433,10.1107/s1600536806025803,,False,,
2051170911,26544713,10.1086/603689,,False,,
2051171033,183492911,10.1117/12.904482,,False,,
2051171777,128122872,10.1016/j.crma.2015.04.005,,False,,
2051171777,4306402512,hal-01257353,,False,,
2051171777,4306402512,hal-01257353,,False,,
2051171777,4377196128,mathematique/articles/10.1016/j.crma.2015.04.005/,mathematique/item/10.1016/j.crma.2015.04.005.pdf,True,publishedVersion,
2051172176,9051360,10.1007/s100510170320,,False,,
2051172176,4306400194,abs/cond-mat/0007044,pdf/cond-mat/0007044,True,submittedVersion,
2051173030,117080907,10.4275/kslis.2013.47.3.139,sv/SV_svpsbs03V.do?method=download&cn1=JAKO201336447766466,True,publishedVersion,
2051173461,189124062,10.1007/bf01252924,,False,,
2051173461,4306525036,3377092,,False,,
2051174634,187991544,10.1063/1.3561794,,False,,
2051175437,177095789,10.1258/135626204322756529,,False,,
2051176443,3649266,10.1016/0304-8853(86)90403-8,,False,,
2051176778,44484883,10.1002/bimj.19630050408,,False,,
2051177858,92829914,10.1061/(asce)0733-9429(2006)132:5(540),,False,,
2051177922,192814187,10.1136/bmj.2.6034.531-a,content/bmj/2/6034/531.1.full.pdf,True,publishedVersion,
2051177922,4306400806,articles/pmc1687976,articles/pmc1687976?pdf=render,True,publishedVersion,
2051177922,2764455111,pmc/articles/PMC1687976,,True,publishedVersion,
2051177922,4306525036,953677,,False,,
2051178226,96336627,10.3795/ksme-b.2012.36.10.971,,False,,
2051178495,59012888,10.1088/0031-8949/49/6/006,article/10.1088/0031-8949/49/6/006/pdf,True,publishedVersion,
2051178596,4210216427,10.1016/s0020-7292(09)60875-4,,False,,
2051178702,16731738,10.1016/0959-8049(95)95928-y,,False,,
2051178779,168682784,10.1108/k-07-2014-0159,,False,,
2051178923,121986758,10.1007/bf00651283,,False,,
2051178999,47679038,10.1163/156852553x00398,,False,,
2051179204,64800834,10.1002/1096-9896(200012)192:4<562::aid-path791>3.0.co;2-#,,False,,
2051179649,122355471,10.1297/cpe.14.27,article/cpe/14/1/14_1_27/_pdf,True,publishedVersion,
2051179649,4306400806,articles/pmc4004929,articles/pmc4004929?pdf=render,True,publishedVersion,cc-by-nc-nd
2051179649,2764455111,pmc/articles/PMC4004929,,True,publishedVersion,
2051179649,4306525036,24790307,,False,,
2051180529,23544583,10.5935/0103-5053.20130124,,True,publishedVersion,cc-by
2051180529,4306402641,scielo.php?script=sci_arttext&pid=S0103-50532013000300021,j/jbchs/a/WwFLmHrS88y7Tjsqxrg6WLR/?lang=en&format=pdf,True,publishedVersion,cc-by-nc
2051180794,149937609,10.1016/j.cej.2014.10.095,,False,,
2051181815,62401924,10.1080/01621459.1951.10500806,,False,,
2051182473,4210173341,10.1080/03147538208712192,,False,,
205118251,78512408,10.1007/s10460-013-9453-7,,False,,
2051182868,67425620,10.4028/www.scientific.net/amr.765-767.1867,,False,,
205118305,157768969,10.1163/9789401206020_008,,False,,
2051183204,4210189509,10.1364/josa.47.000975,,False,,
2051183401,157344032,10.1002/(sici)1099-1395(199806)11:6<407::aid-poc5>3.0.co;2-g,,False,,
2051183471,135405885,10.5840/teachphil199417439,,False,,
2051183609,51499565,10.1353/dss.2014.0028,,False,,
2051184819,4210167977,10.15611/pn.2014.330.10,,False,,
2051184819,4377196276,dlibra/publication/edition/25412/content,Content/25412/PDF/Ganc_Wplyw_Do_Budzetow_Gmin_Przy_Wprowadzeniu_2014.pdf,True,submittedVersion,
205118494,4306512183,servlet/articulo?codigo=646355,,False,,
2051185615,183492911,10.1117/12.742587,,False,,
2051186739,73080522,10.1177/009155217600300310,,False,,
2051187688,4210215636,10.1051/jphyscol:19786385,,False,,
2051187688,4306400349,viewdoc/summary?doi=10.1.1.551.8686,docs/00/21/78/53/PDF/ajp-jphyscol197839C6385.pdf,True,submittedVersion,
2051187689,54862371,10.1103/physrev.171.1798,,False,,
2051188820,4210189887,10.2307/2950830,,False,,
2051190006,4210197758,10.1007/bf01051170,,False,,
2051190936,80821584,10.1007/s10396-013-0474-z,,False,,
2051190936,4306525036,27277631,,False,,
2051191844,69872077,10.1016/0263-7863(83)90053-4,,False,,
2051192056,4210173577,10.2307/3771675,,False,,
2051192453,178325816,10.1134/s1070427206010010,,False,,
2051192594,4210203372,10.1080/00378941.1920.10836194,doi/pdf/10.1080/00378941.1920.10836194?needAccess=true,True,publishedVersion,
2051192594,4306400562,record/1816902,records/1816902/files/article.pdf,True,submittedVersion,public-domain
2051192885,62468778,10.1056/nejm193408232110802,,False,,
2051193728,4210169755,10.1007/bf03224424,,False,,
2051194448,992069473,10.1089/ped.2011.0100,,False,,
2051194448,4306525036,35927872,,False,,
2051194752,5303612,10.1016/s0001-2092(07)63068-3,,False,,
2051194752,4306525036,6923718,,False,,
2051194941,2764696622,10.1063/1.3460125,,False,,
2051194941,4306402487,biblio/1114752,,True,submittedVersion,
2051194941,4306400792,ark:/67531/metadc870450/,ark:/67531/metadc870450/m2/1/high_res_d/1114752.pdf,True,submittedVersion,
2051195062,179591353,10.1016/s0094-5765(00)00091-6,,False,,
2051196023,4210170889,10.1093/elt/xxxiii.4.304,,False,,
2051196445,167203149,10.1002/qua.560130315,,False,,
2051196966,117684900,10.1007/bf02939044,,False,,
2051196966,4306525036,27518988,,False,,
2051197126,163495685,10.2307/3395873,,False,,
2051197174,182038535,10.1016/s1076-6332(03)80022-3,,False,,
2051197174,4306525036,12678173,,False,,
2051197413,121986758,10.1007/bf00627330,,False,,
2051198808,135745533,10.1377/hlthaff.25.4.1127,,True,publishedVersion,
2051198808,4306525036,16835195,,False,,
2051199660,11296630,10.1121/1.2028193,,False,,
2051199721,2754477854,10.4103/0259-1162.154048,,False,,
2051199721,4306400806,articles/pmc4563980,,True,publishedVersion,cc-by-nc-sa
2051199721,2764455111,pmc/articles/PMC4563980,,True,acceptedVersion,
2051199721,4306525036,26417141,,False,,
2051200648,31010182,10.1063/1.1745647,aip/rsi/article-pdf/21/6/554/8335653/554_1_online.pdf,True,publishedVersion,
2051200648,4306402431,2027/mdp.39015086446047,,True,submittedVersion,public-domain
2051200648,4306525036,15430658,,False,,
2051201179,50876694,10.1177/053901847401300607,,False,,
2051201651,183492911,10.1117/12.143505,,False,,
2051201833,39223014,10.1007/bf00162494,,False,,
2051202336,191935395,10.1016/s0920-3796(89)80122-x,,False,,
2051202427,4210213378,10.1007/bf02377890,,False,,
2051202558,2756225581,10.3109/08039488909107857,,False,,
2051202794,91321807,10.1075/rein.20.11wil,,False,,
2051203106,24190753,servlet/articulo?codigo=3231794,,False,,
2051203244,4306497284,10.2514/6.1977-161,,False,,
2051203478,165361988,10.1007/bf02319078,,False,,
2051205938,2764696622,10.1063/1.4826852,,False,,
2051206001,2736520405,10.4103/0257-7941.123835,,True,publishedVersion,cc-by-nc-sa
2051206001,2764455111,pmc/articles/PMC4147490,,True,acceptedVersion,
2051206521,182159023,10.1086/459909,,False,,
2051207160,68686220,10.1109/jproc.2002.808151,,False,,
2051207431,4210180992,10.7202/000854ar,fr/revues/as/1977-v1-n2-as482/000854ar.pdf,True,publishedVersion,
2051207645,137419829,10.1016/0165-5728(89)90098-2,,False,,
2051207645,4306525036,2509516,,False,,
2051207913,177770778,10.1007/bf01760330,content/pdf/10.1007/BF01760330.pdf,True,publishedVersion,
2051208169,84376829,10.1134/1.1258705,,False,,
2051208216,125754415,10.1073/pnas.8.6.133,,False,,
2051208216,4306400806,articles/pmc1085049,articles/pmc1085049?pdf=render,True,publishedVersion,
2051208216,2764455111,pmc/articles/PMC1085049,,True,publishedVersion,
2051208216,4306525036,16576639,,False,,
2051209215,195714098,10.1111/j.1600-0420.2007.01062_3456.x,,False,,
2051209437,201145208,10.1108/09540910010331400,,False,,
2051209437,4306402487,biblio/751225,,True,submittedVersion,
2051209437,4306400792,ark:/67531/metadc702887/,ark:/67531/metadc702887/m2/1/high_res_d/751225.pdf,True,submittedVersion,
2051210832,128754310,10.4028/www.scientific.net/amm.548-549.1217,,False,,
2051211026,108264783,10.1016/s1387-3806(01)00361-x,,False,,
2051211043,66322279,10.1177/104345429301000308,,False,,
2051211043,4306525036,8397970,,False,,
2051211688,165396890,10.1016/j.clineuro.2014.07.032,,False,,
2051211688,4306525036,25128656,,False,,
2051211866,160957154,10.1016/0040-6031(87)88050-4,,False,,
2051212641,62916020,10.1097/01.ten.0000218511.86762.0c,,False,,
2051214037,4210174969,10.1243/jmes_jour_1968_010_064_02,,False,,
2051214119,34126442,10.1016/s0008-6215(00)00270-6,,False,,
2051214119,4306525036,11217963,,False,,
2051214562,187169112,10.2307/342310,,False,,
2051214828,38341973,10.1179/147842210x12695149033972,,False,,
2051215193,49131624,10.1108/03068298910133124,,False,,
2051215735,124240608,10.1111/j.1445-5994.1973.tb04301.x,,False,,
2051215735,4306525036,4522697,,False,,
2051215862,8388595,10.1007/bf00498879,,False,,
2051215862,4306525036,518532,,False,,
2051216447,183209598,10.1016/j.gexplo.2008.12.072,,False,,
2051216450,43368104,10.2520/myco.57.31,article/myco/57/1/57_1_31/_pdf,True,publishedVersion,
2051216705,83651209,10.1016/s0168-8278(08)60904-6,,True,publishedVersion,
2051217243,114265159,10.1639/0007-2745-113.4.812,,False,,
2051217301,154343897,10.1371/journal.pbio.1001796,plosbiology/article/file?id=10.1371/journal.pbio.1001796&type=printable,True,publishedVersion,cc-by
2051217301,4306400806,articles/pmc3934830,articles/pmc3934830?pdf=render,True,publishedVersion,cc-by
2051217301,2764455111,pmc/articles/PMC3934830,,True,publishedVersion,
2051217301,4306525036,24586111,,False,,
2051217692,125166392,10.1589/jpts.17.17,article/jpts/17/1/17_1_17/_pdf,True,publishedVersion,
2051217715,112180307,10.1016/j.spinee.2013.12.009,,False,,
2051217715,4306525036,24333454,,False,,
2051217748,678965,10.1016/s1098-3015(10)74709-4,,True,publishedVersion,publisher-specific-oa
2051218676,32326811,10.1007/s11227-005-1168-0,,False,,
2051218885,5603941,10.1007/bf02783384,,False,,
2051218944,192525298,10.1086/432294,,False,,
2051219096,149798875,10.1007/bf00322835,,False,,
2051219111,77748030,10.1007/bf01240817,,False,,
2051220474,203378611,10.2307/3161658,,False,,
2051221079,86016426,10.1070/qe1984v014n04abeh004998,,False,,
2051221318,70781564,10.1016/0375-9601(93)91024-y,,False,,
2051221393,11296630,10.1121/1.2021185,,False,,
2051221450,197437610,10.2307/1844380,,False,,
2051221450,4306402431,2027/uiug.30112047557761,,True,submittedVersion,public-domain
2051221670,127202688,10.1179/joc.2000.12.2.160,,False,,
2051221670,4306525036,10789556,,False,,
2051221680,147774598,10.1016/s1569-1993(07)60036-8,,True,publishedVersion,publisher-specific-oa
2051222317,47246245,10.1177/0270467606292508,,False,,
2051222757,4306514310,pdf/268/26815203.pdf,,False,,
2051222809,20542293,10.1163/22134379-90002949,downloadpdf/journals/bki/121/4/article-p389_1.pdf,True,publishedVersion,cc-by-nc
2051222933,183492911,10.1117/12.218621,,False,,
2051223734,156174673,10.1016/s0270-9139(03)80423-8,,False,,
2051224684,185186944,10.1016/0002-9149(80)90981-9,,False,,
205122471,4306505125,servlet/articulo?codigo=3170880,,False,,
2051224736,39924113,10.1016/0022-3468(69)90676-9,,False,,
2051224736,4306525036,5377297,,False,,
2051224755,177893221,10.1080/03069400.1988.9992708,,False,,
2051225431,183492911,10.1117/12.877564,,False,,
2051225573,132457063,10.1016/j.phpro.2012.03.197,,True,publishedVersion,
2051225778,134773490,10.1136/jnnp-2013-306573.198,,False,,
2051225790,76749798,10.1556/hstud.14.2000.2.5,,False,,
2051225790,4306400081,56828/1/hstud.14.2000.2.5.pdf,56828/1/hstud.14.2000.2.5.pdf,True,acceptedVersion,
2051226365,141761900,10.1016/j.aeue.2012.10.001,,False,,
2051227332,2764467324,10.1558/hscc.v7i1.2,HSCC/article/download/15708/18119,True,publishedVersion,
2051228014,137773608,10.1038/452934d,articles/452934d.pdf,True,publishedVersion,
2051228712,4210192105,10.1051/psyc/201335150,,False,,
2051229751,192814187,10.1136/bmj.s1-9.20.301,,False,,
2051229751,4306400806,articles/pmc2559039,articles/pmc2559039?pdf=render,True,publishedVersion,
2051229751,2764455111,pmc/articles/PMC2559039,,True,publishedVersion,
2051229751,4306525036,20793710,,False,,
2051230131,111479809,10.1007/bf02762734,,False,,
2051230452,172137629,10.1016/j.ics.2004.11.010,,False,,
2051230484,166799026,10.1021/np9907578,,False,,
2051230689,62468778,10.1056/nejm200311273492224,,False,,
2051231461,142358059,10.1111/j.1478-1913.1936.tb00864.x,,False,,
2051232250,126804734,10.1016/j.appet.2011.05.296,,False,,
2051233150,34296711,10.1016/0921-4526(94)91653-5,,False,,
2051233559,201205917,10.1016/0161-4630(79)90070-3,,False,,
2051233559,4306525036,550157,,False,,
2051233872,2764790136,10.3406/rga.1950.4053,,False,,
2051234024,4210230610,10.1111/j.1600-0773.1979.tb02377.x,,False,,
2051234024,4306525036,40392,,False,,
2051234096,183947471,10.2113/gscanmin.40.5.1522,,False,,
2051234144,128018148,10.1016/j.freeradbiomed.2010.10.593,,False,,
2051235155,2736886514,10.5565/rev/athenead/v14n1.956,article/download/v14-n1-ferrari-bazan-logiudice/956-pdf-es,True,publishedVersion,cc-by
2051235155,4306400381,record/116532,pub/athdig/athdig_a2014m3v14n1/athdig_a2014m3v14n1p69.pdf,True,submittedVersion,cc-by
2051235712,119212824,10.1143/jpsj.38.631,,False,,
2051235723,20133105,10.1016/s0166-8641(99)00155-8,,False,,
2051236087,28603624,10.1007/bf03038353,,False,,
2051236087,4306525036,9689960,,False,,
2051236239,11296630,10.1121/1.3508771,,False,,
2051236449,4210183115,10.1080/08924562.2004.10591105,,False,,
2051236636,357931,10.1037//1064-1297.8.1.6,,False,,
2051236636,4306525036,10743900,,False,,
2051236677,134188425,10.1134/s0005117911080169,,False,,
2051236850,132261465,10.1109/mra.2013.2247708,ielx7/100/6476674/06476721.pdf,True,publishedVersion,
2051237049,46772693,10.3790/sfo.60.1-2.24,,False,,
2051237072,4210171809,10.1016/0032-3950(73)90195-0,,False,,
2051238043,28349394,10.3168/jds.s0022-0302(21)94232-2,,True,publishedVersion,publisher-specific-oa
2051238043,4306400562,record/2212483,records/2212483/files/article.pdf,True,submittedVersion,public-domain
2051239657,4306400194,pdf/1311.0617,,False,submittedVersion,
2051239971,2764738506,10.1179/bac.1989.15.1-2.010,,False,,
2051240194,131118998,10.3406/arss.1998.3256,,False,,
2051240898,2764376652,10.5757/jkvs.2009.18.6.481,article/JAKO200908939909659.pdf,True,publishedVersion,
2051241040,47624153,10.1111/j.1467-8330.1976.tb00699.x,,False,,
2051241068,125795645,10.1002/cite.330471208,,False,,
2051241199,131318974,10.1007/bf02675254,,False,,
2051242681,4210219161,10.1111/j.0954-6820.1872.tb00981.x,,False,,
2051243131,2764639374,10.4307/jsee.57.5_34,article/jsee/57/5/57_5_5_34/_pdf,True,publishedVersion,
2051243459,118704488,10.1088/0143-0807/28/3/013,,False,,
2051244378,4210238334,10.3406/rscir.1970.2581,,False,,
2051244427,203378611,10.2307/3167772,,False,,
2051244735,59012888,10.1088/0031-8949/81/05/055401,,False,,
2051245089,4210234630,10.1071/ar9540608,,False,,
2051245394,4210206007,10.5120/19849-1716,,True,publishedVersion,
2051245730,18365309,10.1080/13556207.2004.10784924,,False,,
2051245757,40751556,10.1353/vic.2001.0141,,False,,
2051245913,2764854715,10.5455/jeim.171212.hp.005,,False,,
2051246415,184147796,10.1016/j.jalgebra.2007.07.013,,True,publishedVersion,publisher-specific-oa
2051246415,4306400194,abs/math/0702054,pdf/math/0702054,True,submittedVersion,
2051246514,2898151498,10.1016/j.mspro.2012.06.057,,True,publishedVersion,
2051247086,28527816,10.1016/j.gie.2013.07.014,,False,,
2051247086,4306525036,23953403,,False,,
2051247600,4210221393,10.1016/s1885-5857(06)70033-0,,False,,
2051247600,4306525036,16712754,,False,,
2051247890,4210227047,10.1177/19714009970100s2109,,False,,
2051247930,153281200,10.1016/s0307-904x(03)00051-9,,False,,
2051248197,1007696303,10.3406/ccmed.1964.1307,,False,,
2051248240,4210229518,10.1163/002820396x00037,,False,,
2051248551,95070619,10.1016/s1074-3804(01)80258-9,,False,,
2051249741,118704488,10.1088/0143-0807/7/1/006,,False,,
2051249741,4306402195,record/156730,record/156730/files/CM-P00066725.pdf,True,submittedVersion,
2051250235,16719760,10.4171/rmi/516,journals/show_pdf.php?issn=0213-2230&vol=23&iss=3&rank=6,True,publishedVersion,
2051250235,4306400787,euclid.rmi/1204128303,journals/revista-matematica-iberoamericana/volume-23/issue-3/The-punishing-factors-for-convex-pairs-are-2n-1/rmi/1204128303.pdf,True,submittedVersion,
2051251186,167774943,10.1080/10803920590970098,,False,,
2051252512,2898589984,10.1016/s0370-4475(74)80018-3,,False,,
2051252512,4306525036,4417601,,False,,
2051252644,137773608,10.1038/261540d0,articles/261540d0.pdf,True,publishedVersion,
2051253146,4210194506,10.3917/pp.036.0009,load_pdf.php?ID_ARTICLE=PP_036_0009&download=1,True,publishedVersion,
2051253474,203303425,10.1007/s00262-014-1608-x,,False,,
2051253474,4306525036,25253531,,False,,
2051253943,7858788,10.1016/0003-2697(87)90219-3,,False,,
2051253943,4306525036,3688433,,False,,
2051254018,104921184,10.1119/1.1407131,,False,,
2051254301,120256695,10.1016/s1567-5688(01)80181-1,,False,,
2051254978,172573765,10.1001/jama.1899.92450490003002a,,False,,
2051254978,4306400562,record/2330750,record/2330750/files/article.pdf,True,submittedVersion,public-domain
2051256492,5458151,10.1007/bf00742860,,False,,
2051258385,34720450,10.4141/cjps72-106,,False,,
2051258788,101791497,10.1001/archotol.1988.01860210017006,,False,,
2051259081,2898340981,10.1016/0167-2231(86)90044-8,,False,,
2051259141,100601982,10.1007/s00220-002-0749-5,,False,,
2051259539,145630073,10.1016/j.nima.2013.10.016,,False,,
2051259688,66441642,10.1038/ajg.2010.89,,True,publishedVersion,
2051259688,4306525036,20606658,,False,,
2051259930,30634364,10.1016/j.patbio.2008.05.011,,False,,
2051259930,4306525036,19269114,,False,,
2051260671,183492911,10.1117/12.237145,,False,,
2051261067,141734485,10.1007/s10517-005-0223-4,,False,,
2051261067,4306525036,16142288,,False,,
2051261232,902750600,10.1108/eb045120,,False,,
2051262907,4210235700,10.1163/146481705793646946,,False,,
2051263472,101510409,10.1016/s0002-9610(31)91136-7,,False,,
2051263880,207178839,10.1029/ja073i001p00393,,False,,
2051264702,14544163,10.1249/00005768-198101320-00029,,False,,
2051264944,185534594,10.1016/s0006-2952(99)00071-4,,False,,
2051264944,4306525036,10403532,,False,,
2051265270,101229256,10.1016/s0025-326x(97)90143-0,,False,,
2051265278,149116045,10.1107/s0108270103011168,,False,,
2051265278,4306525036,12855853,,False,,
2051265529,2736411279,10.2478/pbj-2014-0016,,True,publishedVersion,
2051265716,83252788,10.1143/ptp.28.599,ptp/article-pdf/28/4/599/5410543/28-4-599.pdf,True,publishedVersion,
2051266282,195969795,10.1016/s0749-2081(87)80082-7,,False,,
2051266282,4306525036,3645697,,False,,
2051266766,2737703770,10.2478/v10298-012-0043-4,,True,publishedVersion,
2051267106,2898246533,10.3182/20080706-5-kr-1001.01119,,True,publishedVersion,
2051267942,67425620,10.4028/www.scientific.net/amr.834-836.148,,False,,
2051268195,4210168021,10.1037/h0044758,,False,,
2051268195,4306525036,13894230,,False,,
2051268715,2738007011,10.7322/abcshs.v38i1.8,abcshs/article/download/8/606,True,publishedVersion,cc-by
2051268715,4306401280,article/400522fbcbf848e3b48836434f75135c,,False,,
2051269410,183492911,10.1117/12.748226,,False,,
2051269735,197437610,10.2307/1840256,,False,,
2051269799,145196850,10.1007/bf01060975,,False,,
2051270147,198818534,10.3109/14659891.2014.949315,,False,,
2051270262,136634221,10.1016/j.ydbio.2011.05.531,,False,,
2051270484,178325816,10.1134/s107042720912012x,,False,,
2051270579,149956803,10.1134/s0965542511100071,,False,,
2051271082,66392791,10.1134/s1063782614100078,,False,,
2051272327,38943393,10.1055/s-0028-1124764,,False,,
205127255,959848396,servlet/articulo?codigo=2367187,,False,,
2051272815,61740008,10.1002/bjs.1800790849,bjs/article-pdf/79/8/843/36897699/bjs1800790849.pdf,True,publishedVersion,
2051272815,4306525036,1393491,,False,,
2051273537,53187862,10.1134/s1064226908100021,,False,,
2051275672,2764756136,10.13156/arac.2007.14.2.77,,False,,
2051276942,207549998,10.1016/0009-8981(72)90190-8,,False,,
2051276942,4306525036,5058197,,False,,
2051277053,102859716,10.1088/0954-898x_4_2_005,,False,,
2051277251,108525051,10.1016/j.jaci.2014.12.1339,article/S0091674914031200/pdf,True,publishedVersion,
2051277362,43495592,10.1080/14649370902823454,,False,,
2051277383,126804734,10.1016/j.appet.2014.06.067,,False,,
2051277462,4306503698,handle/1/502,,False,,
2051277794,192814187,10.1136/bmj.1.3186.92,,False,,
2051277794,4306400806,articles/pmc2415337,articles/pmc2415337?pdf=render,True,publishedVersion,
2051277794,2764455111,pmc/articles/PMC2415337,,True,publishedVersion,
2051277794,4306525036,20770567,,False,,
2051277946,165620878,10.1007/s12170-011-0178-0,,False,,
2051278116,183492911,10.1117/12.251311,,False,,
2051278669,53336109,10.2514/3.55455,,False,,
2051279159,82336448,10.1179/026708304225019858,,False,,
2051279202,9692511,10.3389/fpsyg.2015.00383,articles/10.3389/fpsyg.2015.00383/pdf,True,publishedVersion,cc-by
2051279202,4306401280,article/228097c42f0541258fe488fde113300d,,False,,
2051279202,4306400806,articles/pmc4382978,articles/pmc4382978?pdf=render,True,publishedVersion,cc-by
2051279202,2764455111,pmc/articles/PMC4382978,,True,publishedVersion,
2051279202,4306525036,25883582,,False,,
2051279359,4210238599,10.1364/ao.31.005099,,False,,
2051279359,4306525036,20733679,,False,,
2051279493,4210238487,10.5468/kjog.2011.54.8.399,upload/pdf/kjog-54-399.pdf,True,publishedVersion,
2051279740,34954451,10.1111/j.1574-6968.1991.tb04391.x,femsle/article-pdf/83/1/69/19394931/83-1-69.pdf,True,publishedVersion,
2051279740,4306525036,1838088,,False,,
2051280090,102140811,10.1300/j082v14n01_06,,False,,
2051280090,4306525036,3655353,,False,,
2051280301,2764380584,10.2495/risk100241,Secure/elibrary/papers/RISK10/RISK10024FU1.pdf,True,publishedVersion,
2051280354,81394012,10.1055/s-2007-1013223,,False,,
2051280354,4306525036,8610283,,False,,
2051280379,4210233767,10.1007/bf00489564,,False,,
2051280727,4210223457,10.1590/s1517-75992010000200018,j/pm/a/f4RMVbcTmbhZ8GDNwQ7GZvx/?lang=pt&format=pdf,True,publishedVersion,
2051281403,133324295,10.1007/bf01449465,,False,,
2051282657,4210188322,10.1098/rspa.1931.0083,doi/pdf/10.1098/rspa.1931.0083,True,publishedVersion,
2051282714,168604893,10.1007/bf02919992,,False,,
2051283806,128507546,10.1016/j.resuscitation.2006.06.064,,False,,
2051284178,75702506,10.1016/s0378-1119(97)00572-6,,False,,
2051284178,4306525036,9461421,,False,,
2051284439,50016660,10.1016/0002-9394(64)90820-7,,False,,
2051284765,108525051,10.1016/0091-6749(83)90253-1,,False,,
2051285133,40062587,10.2977/prims/1195169274,content/serial-article-files/3651,True,publishedVersion,
2051285969,4210173111,10.1111/j.1471-0528.1909.tb01846.x,,False,,
2051285969,4306400562,record/2415232,records/2415232/files/article.pdf,True,submittedVersion,public-domain
2051286043,37362813,10.1136/jcp.19.2.203,content/jclinpath/19/2/203.full.pdf,True,publishedVersion,
2051286043,4306400806,articles/pmc473236,articles/pmc473236?pdf=render,True,publishedVersion,
2051286043,2764455111,pmc/articles/PMC473236,,True,publishedVersion,
2051286043,4306525036,16811029,,False,,
2051286181,68917228,10.1504/ijsss.2013.058462,,False,,
2051286919,137773608,10.1038/350302b0,,False,,
2051287163,117658737,10.1163/157180996x00068,,False,,
2051289567,4363606284,10.1364/hilas.2011.hwc6,,False,,
2051290083,64820383,10.1590/s0103-21002006000400009,j/ape/a/v68Tqvkw7qWxWhhsB44QwBL/?format=pdf&lang=pt,True,publishedVersion,
2051290083,4306402641,scielo.php?script=sci_arttext&pid=S0103-21002006000400009,j/ape/a/v68Tqvkw7qWxWhhsB44QwBL/?lang=pt&format=pdf,True,publishedVersion,cc-by-nc
2051290104,105500771,10.1016/j.pss.2007.05.010,,False,,
2051290242,4210216311,10.1088/2053-1591/1/2/025602,,False,,
2051290260,60561668,10.1179/174328810x12814016178755,doi/pdf/10.1179/174328810X12814016178755?needAccess=true,True,publishedVersion,
2051291081,61740008,10.1002/bjs.1800821237,,False,,
2051291081,4306525036,8548245,,False,,
2051291749,4306499213,10.2514/6.1994-391,,False,,
2051291749,4377196257,2060/19940012098,api/citations/19940012098/downloads/19940012098.pdf,True,publishedVersion,
2051291784,182870142,10.1139/m82-137,,False,,
2051291784,4306525036,6814736,,False,,
2051292110,60030702,10.1090/s0002-9947-1977-0445521-2,tran/1977-231-02/S0002-9947-1977-0445521-2/S0002-9947-1977-0445521-2.pdf,True,publishedVersion,
2051292665,158301738,10.1134/1.1448632,,False,,
2051293126,62458012,10.1007/s001030050265,,False,,
2051293140,4210171522,10.1080/17508486309555960,,False,,
2051293967,114466185,10.1002/best.198500520,,False,,
2051294198,136689770,10.1024/1012-5302/a000352,,False,,
2051294198,4306525036,24670545,,False,,
2051294238,31056637,10.1017/s0165070x0002622x,,False,,
2051294521,101177023,10.1016/j.jadohealth.2013.10.176,article/S1054139X13007118/pdf,True,publishedVersion,publisher-specific-oa
2051294868,112518905,10.1246/nikkashi.1996.449,article/nikkashi1972/1996/5/1996_5_449/_pdf,True,publishedVersion,
2051295302,1036471906,pdf/643/64328215.pdf,,False,,
2051295804,111121700,10.1016/s0031-9406(05)66325-0,,False,,
2051295857,186193465,10.1515/bmte.1973.18.3.87,,False,,
2051295857,4306525036,4354177,,False,,
2051296201,4210168742,10.1590/s0301-80591997000100007,j/aseb/a/CPHNdGdnSgcPn8RkGyhVRMj/?lang=pt&format=pdf,True,publishedVersion,
2051296211,93131892,10.2298/aci0502125b,ft.aspx?id=0354-950X0502125B,True,publishedVersion,
2051296211,4306525036,16237909,,False,,
2051296403,49861241,10.1016/s0140-6736(05)73611-4,,False,,
2051296403,4306525036,11071201,,False,,
2051296703,204978898,10.1142/s0219581x05003905,,False,,
2051298335,3880285,10.1126/science.289.5477.243,,False,,
2051298335,4306525036,10917844,,False,,
2051298689,2755344187,10.7171/jbt.12-2304-003,pmc/articles/PMC3468145/pdf/jbt.12-2304-003.pdf,True,publishedVersion,
2051298689,4306400806,articles/pmc3468145,articles/pmc3468145?pdf=render,True,publishedVersion,
