sha1,company_name
2051135645,2051135645
2051136151,2051136151
2051136876,2051136876
2051137881,2051137881
2051138418,2051138418
2051139206,2051139206
2051139541,2051139541
2051139566,2051139566
2051139606,2051139606
2051139749,2051139749
2051141196,2051141196
2051142601,2051142601
2051142888,2051142888
2051143688,2051143688
2051144475,2051144475
2051144601,2051144601
2051145320,2051145320
2051145344,2051145344
2051145395,2051145395
2051145680,2051145680
2051145999,2051145999
2051147079,2051147079
2051147896,2051147896
2051148006,2051148006
2051148008,2051148008
2051148308,2051148308
2051148400,2051148400
2051148458,2051148458
2051149479,2051149479
2051149940,2051149940
2051150319,2051150319
2051151246,2051151246
2051151286,2051151286
2051151295,2051151295
2051151742,2051151742
2051151957,2051151957
2051152012,2051152012
2051152183,2051152183
2051152443,2051152443
2051152928,2051152928
2051153189,2051153189
2051153521,2051153521
2051153866,2051153866
2051154505,2051154505
2051154596,2051154596
2051154787,2051154787
2051155012,2051155012
2051155312,2051155312
2051155925,2051155925
2051156078,2051156078
2051156384,2051156384
2051156394,2051156394
2051156755,2051156755
2051156766,2051156766
2051158193,2051158193
2051159244,2051159244
2051159519,2051159519
2051159605,2051159605
2051159803,2051159803
2051161090,2051161090
2051161398,2051161398
2051161689,2051161689
2051161801,2051161801
2051162753,2051162753
2051162800,2051162800
2051163018,2051163018
2051165166,2051165166
2051165205,2051165205
2051165229,2051165229
2051165252,2051165252
2051165970,2051165970
2051166298,2051166298
2051167109,2051167109
2051167116,2051167116
2051167881,2051167881
2051168629,2051168629
2051169992,2051169992
2051170518,2051170518
2051170911,2051170911
2051171033,2051171033
2051171777,2051171777
2051172176,2051172176
2051173030,2051173030
2051173461,2051173461
2051174634,2051174634
2051175437,2051175437
2051176443,2051176443
2051176778,2051176778
2051177858,2051177858
2051177922,2051177922
2051178226,2051178226
2051178495,2051178495
2051178596,2051178596
2051178702,2051178702
2051178779,2051178779
2051178923,2051178923
2051178999,2051178999
2051179204,2051179204
2051179649,2051179649
2051180529,2051180529
2051180794,2051180794
2051181815,2051181815
2051182473,2051182473
205118251,205118251
2051182868,2051182868
205118305,205118305
2051183204,2051183204
2051183401,2051183401
2051183471,2051183471
2051183609,2051183609
2051184425,2051184425
2051184819,2051184819
205118494,205118494
2051185615,2051185615
2051186739,2051186739
2051187688,2051187688
2051187689,2051187689
2051188820,2051188820
2051190006,2051190006
2051190936,2051190936
2051191844,2051191844
2051192056,2051192056
2051192453,2051192453
2051192594,2051192594
2051192755,2051192755
2051192885,2051192885
2051193728,2051193728
2051194448,2051194448
2051194752,2051194752
2051194941,2051194941
2051195062,2051195062
2051196023,2051196023
2051196445,2051196445
2051196966,2051196966
2051197126,2051197126
2051197174,2051197174
2051197413,2051197413
2051198808,2051198808
2051199660,2051199660
2051199721,2051199721
2051200648,2051200648
2051201179,2051201179
2051201341,2051201341
2051201651,2051201651
2051201833,2051201833
2051202336,2051202336
2051202427,2051202427
2051202558,2051202558
2051202794,2051202794
2051203106,2051203106
2051203244,2051203244
2051203478,2051203478
2051205600,2051205600
2051205938,2051205938
2051206001,2051206001
2051206521,2051206521
2051207160,2051207160
2051207431,2051207431
2051207645,2051207645
2051207913,2051207913
2051208169,2051208169
2051208216,2051208216
2051209215,2051209215
2051209437,2051209437
2051209728,2051209728
2051210832,2051210832
2051211026,2051211026
2051211043,2051211043
2051211688,2051211688
2051211866,2051211866
2051212641,2051212641
2051214037,2051214037
2051214119,2051214119
2051214562,2051214562
2051214828,2051214828
2051215193,2051215193
2051215735,2051215735
2051215862,2051215862
2051216447,2051216447
2051216450,2051216450
2051216705,2051216705
2051217243,2051217243
2051217301,2051217301
2051217692,2051217692
2051217715,2051217715
2051217748,2051217748
2051218676,2051218676
2051218885,2051218885
2051218944,2051218944
2051219096,2051219096
2051219111,2051219111
2051219908,2051219908
2051220474,2051220474
2051220735,2051220735
2051221079,2051221079
2051221318,2051221318
2051221393,2051221393
2051221450,2051221450
2051221670,2051221670
2051221680,2051221680
2051222317,2051222317
2051222757,2051222757
2051222809,2051222809
2051222933,2051222933
2051223734,2051223734
2051224684,2051224684
205122471,205122471
2051224736,2051224736
2051224755,2051224755
2051225431,2051225431
2051225573,2051225573
2051225778,2051225778
2051225790,2051225790
2051226365,2051226365
2051227332,2051227332
2051228014,2051228014
2051228712,2051228712
2051229751,2051229751
2051230131,2051230131
2051230452,2051230452
2051230484,2051230484
2051230689,2051230689
2051231461,2051231461
2051231617,2051231617
2051232250,2051232250
2051233150,2051233150
2051233559,2051233559
2051233872,2051233872
2051234024,2051234024
2051234096,2051234096
2051234144,2051234144
2051235155,2051235155
2051235712,2051235712
2051235723,2051235723
2051236087,2051236087
2051236239,2051236239
2051236449,2051236449
2051236636,2051236636
2051236677,2051236677
2051236850,2051236850
2051237049,2051237049
2051237072,2051237072
2051238043,2051238043
2051239657,2051239657
2051239971,2051239971
2051240194,2051240194
2051240898,2051240898
2051241040,2051241040
2051241068,2051241068
2051241199,2051241199
2051242553,2051242553
2051242681,2051242681
2051243131,2051243131
2051243459,2051243459
205124354,205124354
2051244378,2051244378
2051244427,2051244427
2051244735,2051244735
2051245089,2051245089
2051245394,2051245394
2051245699,2051245699
2051245730,2051245730
2051245757,2051245757
2051245913,2051245913
2051246415,2051246415
2051246514,2051246514
2051247086,2051247086
2051247600,2051247600
2051247890,2051247890
2051247930,2051247930
2051248197,2051248197
2051248240,2051248240
2051248551,2051248551
2051249741,2051249741
2051250235,2051250235
2051251186,2051251186
2051252512,2051252512
2051252644,2051252644
2051253146,2051253146
2051253474,2051253474
2051253617,2051253617
2051253943,2051253943
2051254018,2051254018
2051254301,2051254301
2051254978,2051254978
2051256492,2051256492
2051257618,2051257618
2051258385,2051258385
2051258788,2051258788
2051259081,2051259081
2051259141,2051259141
2051259539,2051259539
2051259602,2051259602
2051259688,2051259688
2051259767,2051259767
2051259930,2051259930
2051260671,2051260671
2051261067,2051261067
2051261232,2051261232
2051262907,2051262907
2051263424,2051263424
2051263472,2051263472
2051263880,2051263880
2051264702,2051264702
2051264944,2051264944
2051265270,2051265270
2051265278,2051265278
2051265409,2051265409
2051265529,2051265529
2051265716,2051265716
2051266282,2051266282
2051266766,2051266766
2051267106,2051267106
2051267325,2051267325
2051267942,2051267942
2051268195,2051268195
2051268715,2051268715
2051269410,2051269410
2051269735,2051269735
2051269799,2051269799
2051270147,2051270147
2051270262,2051270262
2051270484,2051270484
2051270579,2051270579
2051271082,2051271082
2051272327,2051272327
205127255,205127255
2051272815,2051272815
2051273410,2051273410
2051273537,2051273537
2051275672,2051275672
2051276942,2051276942
2051277053,2051277053
2051277251,2051277251
2051277362,2051277362
2051277383,2051277383
2051277462,2051277462
2051277794,2051277794
2051277946,2051277946
2051278116,2051278116
2051278669,2051278669
2051279159,2051279159
2051279202,2051279202
2051279359,2051279359
2051279493,2051279493
2051279740,2051279740
2051280090,2051280090
2051280301,2051280301
2051280354,2051280354
2051280379,2051280379
2051280727,2051280727
2051281403,2051281403
2051282657,2051282657
2051282714,2051282714
2051283806,2051283806
2051284178,2051284178
2051284433,2051284433
2051284439,2051284439
2051284733,2051284733
2051284765,2051284765
2051285133,2051285133
2051285151,2051285151
2051285969,2051285969
2051286043,2051286043
2051286181,2051286181
2051286919,2051286919
2051287163,2051287163
2051289567,2051289567
2051290083,2051290083
2051290104,2051290104
2051290242,2051290242
2051290260,2051290260
2051290913,2051290913
2051291081,2051291081
2051291350,2051291350
2051291729,2051291729
2051291749,2051291749
2051291784,2051291784
2051292110,2051292110
2051292665,2051292665
2051293126,2051293126
2051293140,2051293140
2051293967,2051293967
2051294198,2051294198
2051294238,2051294238
2051294521,2051294521
2051294868,2051294868
2051294899,2051294899
2051295302,2051295302
2051295474,2051295474
2051295804,2051295804
2051295857,2051295857
2051296201,2051296201
2051296211,2051296211
2051296403,2051296403
2051296703,2051296703
2051298335,2051298335
2051298689,2051298689
2051298960,2051298960
2051299133,2051299133
2051299269,2051299269
205129993,205129993
2051300166,2051300166
2051300314,2051300314
2051300533,2051300533
2051300592,2051300592
2051300616,2051300616
2051300640,2051300640
2051300725,2051300725
2051300918,2051300918
2051301395,2051301395
2051301954,2051301954
2051302094,2051302094
2051302171,2051302171
2051302395,2051302395
2051302802,2051302802
2051302809,2051302809
2051303492,2051303492
2051303904,2051303904
2051303929,2051303929
2051304145,2051304145
2051304210,2051304210
2051304276,2051304276
2051304307,2051304307
2051305204,2051305204
2051305260,2051305260
2051305779,2051305779
2051305851,2051305851
2051306903,2051306903
2051307696,2051307696
2051307772,2051307772
2051307795,2051307795
2051308084,2051308084
2051309770,2051309770
205131000,205131000
2051310138,2051310138
2051310733,2051310733
2051310844,2051310844
2051311141,2051311141
2051311168,2051311168
2051311710,2051311710
2051311767,2051311767
2051311799,2051311799
2051312165,2051312165
2051312246,2051312246
2051312602,2051312602
2051312684,2051312684
2051312699,2051312699
2051313096,2051313096
205131341,205131341
2051313647,2051313647
2051314002,2051314002
2051315321,2051315321
2051315635,2051315635
2051315668,2051315668
2051315875,2051315875
2051315922,2051315922
2051315996,2051315996
2051316228,2051316228
2051316473,2051316473
2051317493,2051317493
2051317677,2051317677
2051317830,2051317830
2051318196,2051318196
2051319352,2051319352
2051319413,2051319413
2051319476,2051319476
2051320843,2051320843
2051320920,2051320920
2051322580,2051322580
2051323129,2051323129
2051323593,2051323593
2051323935,2051323935
2051324231,2051324231
2051324304,2051324304
2051324672,2051324672
205132508,205132508
2051326370,2051326370
2051326618,2051326618
2051326760,2051326760
2051326991,2051326991
2051327635,2051327635
2051328562,2051328562
2051328980,2051328980
2051329555,2051329555
2051329613,2051329613
2051330486,2051330486
2051332532,2051332532
2051332839,2051332839
2051332963,2051332963
2051333514,2051333514
2051335017,2051335017
2051335140,2051335140
2051335871,2051335871
2051337179,2051337179
2051337614,2051337614
2051337920,2051337920
2051338097,2051338097
2051338228,2051338228
4310960001,4310960001
